Word,Count
SQL,26
/,24
from,22
To,21
line,16
following,16
the,16
using,16
Create,14
Connection,13
Command,13
read,13
Server,13
to,9
\script,\,8
uncomment,8
Web,8
InitializeComponent();,8
connection,8
allow,8
\AJAX,\,8
for,8
Open,8
called,8
description,8
be,8
Service,8
[System.Web.Script.Services.ScriptService],8
this,8
</summary>,8
<summary>,8
designed,8
ASP.NET,8
Uncomment,8
Summary,8
if,8
components,8
Close,5
Connections,5
Return,5
dh,2
method,1
new,1
data,1
Convert,1
seat,1
dababase,1
getting,1
count,1
orientation,1
New,1
Method.,1
Student,1
crypto,1
module1,1
get,1
Dataret,1
